"y","N","E","avg_ew","sd_ew","med_ew","max_ew","avg_ew_scaled","sd_ew_scaled","med_ew_scaled","deg_max","deg_min","strength_mean","assort","ed","ld","mean_deg","nc","nc_weighted","m","m_weighted","beta_eff","pcgroup"
2011,10,15,161608.856968735,275696.856726297,39532.8267267513,943720.568108992,0.0666666666666667,0.113730093716185,0.0163080281069824,0.777777777777778,0,0.2,-0.412268188302426,0.333333333333333,1.5,3,0.555555555555556,0.31601596082912,0.157777777777778,0.332918151822967,631934.297259827,"Puget Sound"
2011,5,3,87519.8653905304,95203.5383049161,71714.1971069712,189637.079238161,0.333333333333333,0.362597824239102,0.273134930707707,0.75,0,0.4,-1,0.3,0.6,1.2,0.75,0.5,0,0,191081.65293821,"North WA Coast"
2011,8,21,631648.272708398,1127356.33314947,105518.026900009,4860895.08483463,0.0476190476190476,0.0849897596991656,0.00795485108520057,1,0.285714285714286,0.25,-0.335984095427429,0.75,2.625,5.25,0.333333333333333,0.44795558756568,0,0,2643736.89355223,"WA Coast"
2011,1,0,NA,NA,NA,0,NA,NA,NA,NA,NA,NA,NA,NA,0,0,NA,NA,NA,NA,NA,"Other Coastal Washington"
2011,8,14,578250.83559678,949416.282129847,242435.129479834,3668582.29148508,0.0714285714285714,0.117276871123882,0.0299468567909177,0.714285714285714,0.142857142857143,0.25,0.020576131687241,0.5,1.75,3.5,0.285714285714286,0.29267278272187,-0.0178571428571429,0.189125141450618,2137074.82906838,"Astoria"
2011,6,7,75182.9044074004,70763.7721565293,39537.9409348313,197849.625974741,0.142857142857143,0.134460225868589,0.0751271491960146,0.8,0,0.333333333333333,-0.555555555555554,0.466666666666667,1.16666666666667,2.33333333333333,0.5,0.248637797530123,0,0,141787.293919763,"Tillamook"
2011,1,0,NA,NA,NA,0,NA,NA,NA,NA,NA,NA,NA,NA,0,0,NA,NA,NA,NA,NA,"Columbia River"
2011,6,14,902912.10461977,1128808.84315777,530094.064617712,3506152.81914007,0.0714285714285714,0.0892990609718898,0.0419352687428563,1,0.8,0.333333333333333,-0.400000000000021,0.933333333333333,2.33333333333333,4.66666666666667,0.1,0.400808064157391,-0.0637755102040815,0.059594218483443,2314134.08057033,"Newport"
2011,6,14,700868.702635934,863689.538439308,298999.838535411,2567086.5751139,0.0714285714285714,0.0880223494878583,0.0304723712781506,1,0.8,0.333333333333333,-0.400000000000021,0.933333333333333,2.33333333333333,4.66666666666667,0.1,0.371477745480655,-0.0637755102040815,0.0172598647381961,1765204.4562571,"Coos Bay"
2011,5,9,442468.889930531,507279.369704259,233321.932848632,1361499.11235151,0.111111111111111,0.127386073222987,0.058590919712963,1,0.75,0.4,-0.499999999999988,0.9,1.8,3.6,0.166666666666667,0.334064708892607,-0.0802469135802468,0.0409861187105208,1024051.83233345,"Brookings"
2011,4,4,1012319.38821958,1515723.54204377,357661.300110663,3271660.08757389,0.25,0.37431949829331,0.0883271881070315,1,0.333333333333333,0.5,-0.714285714285714,0.666666666666667,1,2,0.666666666666667,0.646154410090983,0,0.00925628395699973,3281778.89145631,"Crescent City"
2011,6,13,247095.455519916,387678.672562426,59102.7037588778,1339669.2855898,0.0769230769230769,0.120687919121006,0.018399212636428,1,0.6,0.333333333333333,-0.444444444444442,0.866666666666667,2.16666666666667,4.33333333333333,0.2,0.38806380697508,0,0,855341.175148907,"Eureka"
2011,9,24,69901.0276951002,128296.328675566,20554.2466954646,590836.30092722,0.0416666666666667,0.0764749895351913,0.0122519936241852,0.875,0,0.222222222222222,-0.327868852459018,0.666666666666667,2.66666666666667,5.33333333333333,0.267857142857143,0.250245746697063,-0.0633680555555555,0.098019792313528,305376.077123917,"Morro Bay"
2011,5,10,331468.930245192,479173.42435976,91689.9369624989,1331177.82062921,0.1,0.144560584910721,0.0276616987585155,1,1,0.4,NA,1,2,4,0,0.324926092416043,0,0,1024164.83523639,"Fort Bragg"
2011,6,8,280516.510706204,726854.051226001,8474.41115046856,2075894.61628501,0.125,0.323890940232063,0.00377625328057077,1,0.4,0.333333333333333,-0.513513513513513,0.533333333333333,1.33333333333333,2.66666666666667,0.7,0.599536836932593,0,0,2163888.0472108,"Bodega Bay"
2011,8,18,328680.701648422,696821.20862649,94928.4577102075,2991285.78396419,0.0555555555555555,0.117780840718624,0.0160453691977445,1,0.142857142857143,0.25,-0.535928143712574,0.642857142857143,2.25,4.5,0.476190476190476,0.495427062557828,0,0,1805980.08173514,"San Francisco"
2011,6,7,137905.078065596,222189.732611996,53683.2721639525,616727.05012371,0.142857142857143,0.230168394220003,0.0556109969853089,0.8,0,0.333333333333333,-0.749999999999999,0.466666666666667,1.16666666666667,2.33333333333333,0.5,0.488425311483121,0,0,495892.455837921,"San Diego"
2011,9,28,117704.273341335,341574.338826902,3438.59968532631,1765634.73283097,0.0357142857142857,0.103641806565133,0.00104335321167706,1,0.375,0.222222222222222,-0.242990654205604,0.777777777777778,3.11111111111111,6.22222222222222,0.285714285714286,0.226927053680055,0.0306122448979592,0.496911470877305,1108942.95680604,"Monterey"
2011,10,38,53046.9297454773,73168.6138256434,19691.3327128979,281857.435569189,0.0263157894736842,0.0362978563840653,0.00976857602532735,1,0.555555555555556,0.2,-0.365355521936458,0.844444444444444,3.8,7.6,0.194444444444444,0.139929993336161,-0.0484764542936288,0.186520748482923,153969.755531122,"Santa Barbara"
2011,9,25,316432.798796407,1399474.89305064,7652.26597905728,7026977.03061763,0.04,0.176906426688222,0.000967316410708834,1,0.375,0.222222222222222,-0.156195462478185,0.694444444444444,2.77777777777778,5.55555555555556,0.392857142857143,0.506168412291202,0.00879999999999999,0.134254804472359,6505835.36303315,"Los Angeles"
2011,2,0,NA,NA,NA,0,NA,NA,NA,0,0,NA,NA,0,0,0,NA,NA,NA,NA,NA,"Unknown Ports"
2012,10,16,187958.997839345,336983.067532354,15584.2185288843,1123084.12017586,0.0625,0.112053383785192,0.00518205390139287,0.888888888888889,0,0.2,-0.480719794344473,0.355555555555556,1.6,3.2,0.666666666666667,0.348613002914128,-0.017578125,0.299430157905766,792120.48576437,"Puget Sound"
2012,6,9,39340.5631248116,44835.7560896342,18253.8154901136,142441.332982513,0.111111111111111,0.126631402321847,0.0515549743070295,0.8,0,0.333333333333333,-0.499999999999988,0.6,1.5,3,0.3,0.241459224414209,0,0,90439.0951349275,"North WA Coast"
2012,8,18,630459.237127606,985849.483799831,221586.086670777,3801713.08919913,0.0555555555555556,0.0868722552407807,0.0195259858582814,1,0.142857142857143,0.25,-0.476923076923079,0.642857142857143,2.25,4.5,0.476190476190476,0.469601307498225,0,0,2172032.66086932,"WA Coast"
2012,3,2,2111.328438965,1857.16168415391,2111.328438965,3424.54005959006,0.5,0.439808807071323,0.5,1,0.5,0.666666666666667,-1,0.666666666666667,0.666666666666667,1.33333333333333,1,0.75,0,0,3744.92056865761,"Other Coastal Washington"
2012,8,18,233072.201001288,364457.806019149,21416.8825924622,1001687.19944312,0.0555555555555556,0.086872890902338,0.00510497092995559,1,0.428571428571429,0.25,-0.4375,0.642857142857143,2.25,4.5,0.476190476190476,0.408990995316221,0.0416666666666668,0.0170979466343335,802979.258975814,"Astoria"
2012,4,6,86580.4809523488,73732.1466180291,89431.6567476508,167846.79086038,0.166666666666667,0.141933735731592,0.17215515507256,1,1,0.5,NA,1,1.5,3,0,0.236020117031569,0,0,149370.955030387,"Tillamook"
2012,1,0,NA,NA,NA,0,NA,NA,NA,NA,NA,NA,NA,NA,0,0,NA,NA,NA,NA,NA,"Columbia River"
2012,6,12,996848.165395139,1202460.4820021,597112.260124819,4237177.51217462,0.0833333333333333,0.100521868470432,0.0499166841428429,1,0.6,0.333333333333333,-0.434782608695661,0.8,2,4,0.3,0.426876632323007,-0.0833333333333333,0.0507914649995647,2447331.05834764,"Newport"
2012,7,20,475192.219084032,793859.89872322,108638.716344432,3018186.88770984,0.05,0.0835303974729894,0.0114310285376559,1,0.833333333333333,0.285714285714286,-0.333333333333333,0.952380952380952,2.85714285714286,5.71428571428571,0.0666666666666667,0.318704609929651,-0.0612500000000001,0.0705565739419907,1801420.87664838,"Coos Bay"
2012,7,17,295787.665358234,406944.220233558,75273.5735840916,1382968.78343835,0.0588235294117647,0.0809293223193223,0.014969715739464,1,0.5,0.285714285714286,-0.492163009404381,0.809523809523809,2.42857142857143,4.85714285714286,0.266666666666667,0.388554620788276,0,0,855660.90476777,"Brookings"
2012,3,2,1633846.29315965,2069945.09857401,1633846.29315965,3097518.50904519,0.5,0.63345772097417,0.5,1,0.5,0.666666666666667,-1,0.666666666666667,0.666666666666667,1.33333333333333,1,0.75,0,0,4256291.70252834,"Crescent City"
2012,6,13,317332.058138037,392104.428498218,180371.3863277,1239501.39167237,0.0769230769230769,0.0950483203374535,0.043723039224648,1,0.6,0.333333333333333,-0.444444444444442,0.866666666666667,2.16666666666667,4.33333333333333,0.2,0.288053449690858,-0.0384615384615384,0.174650165188827,801827.333371263,"Eureka"
2012,8,16,62818.5108922045,111434.054630989,27353.5359392574,428822.634824368,0.0625,0.110869046647539,0.0272148443495776,0.857142857142857,0,0.25,-0.316017316017316,0.571428571428571,2,4,0.380952380952381,0.287870766317739,-0.048828125,0.0672092357039106,260491.909308325,"Morro Bay"
2012,4,5,298876.324667339,393461.002097979,233626.086264885,975721.706957886,0.2,0.263293522854924,0.156336294970784,1,0.666666666666667,0.5,-0.666666666666673,0.833333333333333,1.25,2.5,0.333333333333333,0.453110653933148,0,0,816854.991409368,"Fort Bragg"
2012,5,8,294648.123774623,686837.047736976,53002.6004815151,1989220.03488091,0.125,0.29138020587836,0.0224855497985696,1,0.5,0.4,-0.548387096774194,0.8,1.6,3.2,0.333333333333333,0.575045848625432,0,0,1895693.8867705,"Bodega Bay"
2012,8,18,350935.203408738,930078.661452114,49008.134654205,4019499.84132662,0.0555555555555556,0.147238111894856,0.00775833863633425,0.857142857142857,0,0.25,-0.384615384615379,0.642857142857143,2.25,4.5,0.285714285714286,0.425135915992419,0,0,2815909.67187501,"San Francisco"
2012,7,12,103593.676712441,196962.440411131,20623.3422183955,691378.082475085,0.0833333333333333,0.158441492008135,0.0165899300620784,0.833333333333333,0,0.285714285714286,-0.6,0.571428571428571,1.71428571428571,3.42857142857143,0.366666666666667,0.463748212700386,0,0,478077.951852077,"San Diego"
2012,10,29,100202.952013088,317282.859522629,9962.4954186695,1656104.97813175,0.0344827586206897,0.109186286826879,0.00342838527089338,0.888888888888889,0.222222222222222,0.2,-0.201506591337099,0.644444444444444,2.9,5.8,0.305555555555556,0.257381835916026,0.039833531510107,0.48860137179466,1104848.1338607,"Monterey"
2012,9,31,86776.6325133032,214240.445542892,24532.6364281044,1187478.35005621,0.032258064516129,0.0796410498324806,0.00911968286539822,1,0.625,0.222222222222222,-0.369166666666666,0.861111111111111,3.44444444444444,6.88888888888889,0.178571428571429,0.274567713425559,-0.0145681581685744,0.255648806702513,615708.986501346,"Santa Barbara"
2012,10,26,289534.167125006,1334498.76000315,3759.14164378196,6827374.84955309,0.0384615384615385,0.177273984256844,0.000499362035059121,1,0.222222222222222,0.2,-0.371859296482414,0.577777777777778,2.6,5.2,0.527777777777778,0.496190262360217,0.040680473372781,0.153695096474514,6440403.88358599,"Los Angeles"
2012,1,0,NA,NA,NA,0,NA,NA,NA,NA,NA,NA,NA,NA,0,0,NA,NA,NA,NA,NA,"Unknown Ports"
2013,10,18,165304.178380164,350361.46061115,3147.94368041757,1136350.38674083,0.0555555555555556,0.117749749463345,0.00105796333605675,0.666666666666667,0,0.2,-0.288888888888889,0.4,1.8,3.6,0.333333333333333,0.29086383586362,0.072530864197531,0.40385980991157,907893.714134504,"Puget Sound"
2013,6,7,38152.4499601567,60550.8535156892,12847.1046657263,168617.075812646,0.142857142857143,0.226725202178267,0.0481043987594236,0.8,0,0.333333333333333,-0.555555555555554,0.466666666666667,1.16666666666667,2.33333333333333,0.5,0.440819268184083,0,0,134251.281498036,"North WA Coast"
2013,7,17,745238.175092614,1168828.80148935,311223.577515382,4231733.49053958,0.0588235294117647,0.092258606281384,0.0245656621969689,1,0.666666666666667,0.285714285714286,-0.296610169491531,0.809523809523809,2.42857142857143,4.85714285714286,0.266666666666667,0.45256442215053,0,0,2578424.95061073,"WA Coast"
2013,2,0,NA,NA,NA,0,NA,NA,NA,0,0,NA,NA,0,0,0,NA,NA,NA,NA,NA,"Other Coastal Washington"
2013,8,23,473073.9227858,865542.645809771,168703.062087654,3983321.29816245,0.0434782608695652,0.0795484323605175,0.0155047982770815,1,0.571428571428571,0.25,-0.26096491228069,0.821428571428571,2.875,5.75,0.238095238095238,0.186206570876757,-0.0453686200378072,0.329765108404988,2056682.81693866,"Astoria"
2013,4,6,99715.8936342459,99350.5478332655,69806.9246527376,272666.55008476,0.166666666666667,0.166056022118332,0.116676359385574,1,1,0.5,NA,1,1.5,3,0,0.325073703199828,0,2.22044604925031e-16,198702.434245061,"Tillamook"
2013,1,0,NA,NA,NA,0,NA,NA,NA,NA,NA,NA,NA,NA,0,0,NA,NA,NA,NA,NA,"Columbia River"
2013,5,6,2004986.50534167,2373325.07916808,1267331.23407961,6648387.84582237,0.166666666666667,0.197285208058764,0.105348276302043,1,0.5,0.4,-0.499999999999999,0.6,1.2,2.4,0.666666666666667,0.551176246384015,0.111111111111111,0.0421800896751326,4814318.09755023,"Newport"
2013,6,15,674486.28136171,995129.514168467,100103.592562708,3639985.57391526,0.0666666666666667,0.0983592542123976,0.00989430477969198,1,1,0.333333333333333,NA,1,2.5,5,0,0.343817723698233,-0.1,0.131881994889388,2142689.23423705,"Coos Bay"
2013,6,13,275887.825007149,335389.904414663,89846.0892367708,1031370.11044489,0.0769230769230769,0.0935134539403615,0.0250508975284381,1,0.6,0.333333333333333,-0.444444444444442,0.866666666666667,2.16666666666667,4.33333333333333,0.2,0.266506138449813,-0.0384615384615384,0.184148293762432,683612.913928207,"Brookings"
2013,6,9,300982.86267511,589570.628311502,35290.3348753962,1808864.61172808,0.111111111111111,0.217646436770315,0.0130278125626078,1,0.2,0.333333333333333,-0.636363636363635,0.6,1.5,3,0.6,0.588231727071692,0,0,1455844.38096302,"Crescent City"
2013,7,14,258176.762965748,323378.355132219,113255.471967839,901766.746681418,0.0714285714285714,0.0894675944987354,0.0313338678361407,1,0.166666666666667,0.285714285714286,-0.519379844961237,0.666666666666667,2,4,0.466666666666667,0.259877173365792,-0.038265306122449,0.156021124582557,663223.132618672,"Eureka"
2013,7,14,70106.5558590202,138630.003857729,20580.5295227734,510660.406476551,0.0714285714285714,0.141244181965058,0.0209686213370886,0.833333333333333,0,0.285714285714286,-0.400000000000021,0.666666666666667,2,4,0.233333333333333,0.342019237616205,0,2.22044604925031e-16,344236.096728789,"Morro Bay"
2013,7,17,192341.423422406,375336.874258096,23762.2162288655,1304300.09447253,0.0588235294117647,0.114788792083302,0.00726716793687071,1,0.5,0.285714285714286,-0.362869198312233,0.809523809523809,2.42857142857143,4.85714285714286,0.266666666666667,0.318637897913154,-0.102076124567474,0.196842505885743,924777.352569359,"Fort Bragg"
2013,4,6,283544.525683546,485775.195676641,83473.3029673214,1256589.99218008,0.166666666666667,0.28553727996545,0.049065370342389,1,1,0.5,NA,1,1.5,3,0,0.572893865571778,0,0,1115786.0939727,"Bodega Bay"
2013,10,27,253547.282460065,547380.522085062,31001.3802119413,2653472.59012521,0.037037037037037,0.0799588639764272,0.00452854101202911,1,0.111111111111111,0.2,-0.507406000759591,0.6,2.7,5.4,0.5,0.41340397501806,0.00548696844993146,0.198506829953407,1435281.24959619,"San Francisco"
2013,6,11,125348.86027829,218928.563983746,53817.0262217122,714228.367138332,0.0909090909090909,0.158777644101501,0.0390307252765179,1,0.4,0.333333333333333,-0.583333333333334,0.733333333333333,1.83333333333333,3.66666666666667,0.4,0.52367647300708,0,0,507719.438052793,"San Diego"
2013,9,21,382160.7098488,1398313.5080718,41027.1796854806,6452593.41485961,0.0476190476190476,0.174236534031908,0.0051121823169396,0.875,0.125,0.222222222222222,-0.396011396011395,0.583333333333333,2.33333333333333,4.66666666666667,0.375,0.421127536793486,0.0396825396825398,0.314337810620522,5498543.99171378,"Monterey"
2013,8,27,106400.98334951,266476.566847059,22835.2825039381,1388030.21687606,0.037037037037037,0.0927576246489876,0.00794871604777756,1,0.857142857142857,0.25,-0.285714285714303,0.964285714285714,3.375,6.75,0.0476190476190476,0.288330674600905,-0.0555555555555556,0.177941249707694,773779.78421397,"Santa Barbara"
2013,8,20,263936.51059061,677842.856005077,13837.4586324902,2541896.85658372,0.05,0.128410210184311,0.00262136121325658,1,0.428571428571429,0.25,-0.413043478260873,0.714285714285714,2.5,5,0.380952380952381,0.448211133373067,0.01875,0.139411680433151,2004775.38282152,"Los Angeles"
2013,1,0,NA,NA,NA,0,NA,NA,NA,NA,NA,NA,NA,NA,0,0,NA,NA,NA,NA,NA,"Unknown Ports"
2014,10,16,212483.737484052,425932.306996847,27207.8915842755,1286583.88204113,0.0625,0.125283795844851,0.00800293351459357,0.666666666666667,0,0.2,-0.203883495145631,0.355555555555556,1.6,3.2,0.388888888888889,0.236708289098993,0.107421875,0.412867791657448,1066282.39658036,"Puget Sound"
2014,5,2,133787.671733143,92297.6683516707,133787.671733143,199051.978912317,0.5,0.344940857240457,0.5,0.5,0,0.4,-1,0.2,0.4,0.8,0.5,0.375,0,0,197462.145418185,"North WA Coast"
2014,6,11,980366.696850619,1537492.85776327,114547.090109363,4545675.04641602,0.0909090909090909,0.14257122200039,0.0106219151074555,1,0.6,0.333333333333333,-0.356164383561649,0.733333333333333,1.83333333333333,3.66666666666667,0.4,0.519421874806972,0,2.22044604925031e-16,3391591.28788061,"WA Coast"
2014,1,0,NA,NA,NA,0,NA,NA,NA,NA,NA,NA,NA,NA,0,0,NA,NA,NA,NA,NA,"Other Coastal Washington"
2014,8,24,471860.551448564,984931.365884785,87256.2007410923,4660338.6553246,0.0416666666666667,0.0869723200760925,0.00770497770944761,1,0.714285714285714,0.25,-0.304964539007095,0.857142857142857,3,6,0.19047619047619,0.243150721019698,-0.0633680555555555,0.266679831792892,2527742.93560971,"Astoria"
2014,6,9,57510.1040148251,66541.6524341993,25011.3191323777,196406.601634218,0.111111111111111,0.128560312379671,0.0483225601267681,0.8,0,0.333333333333333,-0.499999999999988,0.6,1.5,3,0.3,0.279240517058047,0,2.22044604925031e-16,134501.644623626,"Tillamook"
2014,1,0,NA,NA,NA,0,NA,NA,NA,NA,NA,NA,NA,NA,0,0,NA,NA,NA,NA,NA,"Columbia River"
2014,7,18,523506.606667246,851282.472678177,167819.756719012,2976144.56454874,0.0555555555555556,0.0903397781461125,0.017809364197096,1,0.666666666666667,0.285714285714286,-0.377990430622006,0.857142857142857,2.57142857142857,5.14285714285714,0.2,0.410529861291665,-0.0432098765432098,0.0511512130388138,1907790.66165282,"Newport"
2014,8,21,489465.870816697,933963.819788174,83567.7980640081,4122017.5180409,0.0476190476190476,0.0908632659816565,0.00813012549534681,1,0.142857142857143,0.25,-0.383529411764707,0.75,2.625,5.25,0.333333333333333,0.319460072634456,-0.0555555555555554,0.0692262981191656,2271588.93328449,"Coos Bay"
2014,6,13,282359.266798643,365050.312946506,172185.326143697,1375400.05961386,0.0769230769230769,0.0994505816010723,0.0469084129525737,1,0.6,0.333333333333333,-0.444444444444442,0.866666666666667,2.16666666666667,4.33333333333333,0.2,0.292618658441412,-0.0384615384615384,0.134343788802772,754317.323969028,"Brookings"
2014,5,4,512489.751830392,706568.267187818,243753.767983622,1558337.25524342,0.25,0.344674339664482,0.118906654773602,0.75,0,0.4,-0.714285714285714,0.4,0.8,1.6,0.583333333333333,0.498327520982854,0,0,1486633.55551375,"Crescent City"
2014,6,13,251254.132060288,364173.983521104,99858.7433127407,1073859.40779927,0.0769230769230769,0.111494219490311,0.0305723998658243,1,0.6,0.333333333333333,-0.444444444444442,0.866666666666667,2.16666666666667,4.33333333333333,0.2,0.417304962560356,-0.0355029585798816,0.00779918119229581,779096.954728004,"Eureka"
2014,8,11,80830.5841659163,140343.234154571,31992.1403003721,481311.117003767,0.0909090909090909,0.157842182682301,0.035981137844718,0.714285714285714,0,0.25,-0.583333333333334,0.392857142857143,1.375,2.75,0.428571428571429,0.296536496049025,0,0,324503.490606075,"Morro Bay"
2014,6,13,258403.519810296,440030.564913695,31977.8052829773,1451393.91750311,0.0769230769230769,0.130990882083227,0.00951934082561839,1,0.6,0.333333333333333,-0.444444444444442,0.866666666666667,2.16666666666667,4.33333333333333,0.2,0.369164317741435,-0.0857988165680473,0.141202864320993,1007723.41375143,"Fort Bragg"
2014,6,10,104122.174490246,178149.630280377,16683.2523946283,467736.293555645,0.1,0.171096724739518,0.0160227660210757,0.8,0,0.333333333333333,NA,0.666666666666667,1.66666666666667,3.33333333333333,0.2,0.442513121507679,0,2.22044604925031e-16,408930.357035532,"Bodega Bay"
2014,8,16,256793.994415176,409683.225497163,55312.9920907512,1585075.96101441,0.0625,0.0997110608131088,0.013462394296039,1,0.142857142857143,0.25,-0.6,0.571428571428571,2,4,0.571428571428571,0.514251669452354,0,0,910393.178601707,"San Francisco"
2014,7,16,134153.131663497,289704.142388639,29994.6184023201,1095786.63439018,0.0625,0.134968961773531,0.0139740580551435,1,0.5,0.285714285714286,-0.468354430379747,0.761904761904762,2.28571428571429,4.57142857142857,0.333333333333333,0.235636348919504,-0.111328125,0.402241820828491,759770.208778468,"San Diego"
2014,9,26,171575.361936745,635856.335952076,21162.4603008014,3266667.28018225,0.0384615384615385,0.14253802320551,0.00474392576889989,0.875,0.25,0.222222222222222,-0.2304995617879,0.722222222222222,2.88888888888889,5.77777777777778,0.196428571428571,0.37992157870703,0.0170118343195265,0.369150816980166,2528051.69633875,"Monterey"
2014,7,18,132978.129050381,352032.378314188,5465.6611126807,1457417.17226385,0.0555555555555556,0.147071962062111,0.00228344195967992,1,0.666666666666667,0.285714285714286,-0.377990430622006,0.857142857142857,2.57142857142857,5.14285714285714,0.2,0.400697954649965,-0.0802469135802468,0.270853727121075,1064911.79563544,"Santa Barbara"
2014,9,24,73505.3937011131,136835.365345541,9940.66860889448,550765.737270299,0.0416666666666667,0.077565376756534,0.00563488615617511,1,0.25,0.222222222222222,-0.403899721448471,0.666666666666667,2.66666666666667,5.33333333333333,0.428571428571429,0.213051824044298,-0.0338541666666666,0.23224465435718,328233.873700589,"Los Angeles"
2014,9,24,73505.3937011131,136835.365345541,9940.66860889448,550765.737270299,0.0416666666666667,0.077565376756534,0.00563488615617511,1,0.25,0.222222222222222,-0.403899721448471,0.666666666666667,2.66666666666667,5.33333333333333,0.428571428571429,0.213051824044298,-0.0338541666666666,0.23224465435718,328233.873700589,"Los Angeles"
2015,10,15,270156.348792722,499424.814418288,24300.6774377104,1465956.31924284,0.0666666666666667,0.123243402484061,0.00599669476491558,0.555555555555556,0,0.2,-0.0555555555555554,0.333333333333333,1.5,3,0.277777777777778,0.250347234886435,0.0377777777777778,0.371178803810747,1193418.55000093,"Puget Sound"
2015,7,11,34981.0735039152,53115.345967924,1999.47489100115,132966.231559961,0.0909090909090909,0.138036581831183,0.0051962511846906,0.833333333333333,0,0.285714285714286,-0.39080459770115,0.523809523809524,1.57142857142857,3.14285714285714,0.433333333333333,0.311304315964527,0.0330578512396694,0.00147711017656237,115631.542306038,"North WA Coast"
2015,6,12,750303.559411957,1176612.12392779,309426.35750818,3682468.62530902,0.0833333333333334,0.13068178752099,0.0343667965703874,1,0.6,0.333333333333333,-0.276595744680839,0.8,2,4,0.3,0.528493751799195,0,0,2595444.86629699,"WA Coast"
2015,2,1,NA,NA,NA,0,NA,NA,NA,1,1,1,NA,1,0.5,1,NA,NA,0,2.22044604925031e-16,NA,"Other Coastal Washington"
2015,8,22,499694.437549997,1055133.8549794,20718.8562556604,4470497.1538962,0.0454545454545455,0.0959799152596973,0.00188468416429967,1,0.428571428571429,0.25,-0.276785714285721,0.785714285714286,2.75,5.5,0.285714285714286,0.279796296723868,-0.0454545454545455,0.20260576673104,2727670.91329832,"Astoria"
2015,5,7,27206.9117829355,22952.720109809,25223.520419355,57406.353382539,0.142857142857143,0.120519375438399,0.132442817790438,1,0.25,0.4,-0.555555555555554,0.7,1.4,2.8,0.5,0.227072319391904,0,0,46570.6442286614,"Tillamook"
2015,1,0,NA,NA,NA,0,NA,NA,NA,NA,NA,NA,NA,NA,0,0,NA,NA,NA,NA,NA,"Columbia River"
2015,8,18,720223.925058303,1285573.36689373,98594.9734583533,4297542.80904641,0.0555555555555556,0.0991646349424252,0.00760527154804065,1,0.285714285714286,0.25,-0.465400271370419,0.642857142857143,2.25,4.5,0.476190476190476,0.42644583850444,-2.77555756156289e-17,0.0828873336117713,3014925.37021329,"Newport"
2015,7,14,602438.297537366,1053586.66191739,103962.290030324,3768112.99098565,0.0714285714285714,0.124919332726002,0.0123263708327711,1,0.166666666666667,0.285714285714286,-0.519379844961237,0.666666666666667,2,4,0.466666666666667,0.416621939475467,-0.114795918367347,0.0533783398915395,2445025.09639767,"Coos Bay"
2015,5,9,406898.769318504,400447.617555963,280879.141651385,1097843.53237137,0.111111111111111,0.109349506765434,0.0766991592751453,1,0.75,0.4,-0.499999999999988,0.9,1.8,3.6,0.166666666666667,0.263354761003209,0,2.22044604925031e-16,800997.514504742,"Brookings"
2015,4,5,205404.885450775,187776.748910722,286551.667026476,399117.654419055,0.2,0.182835718341006,0.279011539961787,1,0.666666666666667,0.5,-0.666666666666673,0.833333333333333,1.25,2.5,0.333333333333333,0.655148674299275,0,0,377066.369324928,"Crescent City"
2015,6,11,178249.664231927,329607.221438072,12304.6053140395,903095.955642912,0.0909090909090909,0.16810294138349,0.00627547035173679,1,0.4,0.333333333333333,-0.583333333333334,0.733333333333333,1.83333333333333,3.66666666666667,0.4,0.534619673116753,0,0,787737.0419067,"Eureka"
2015,9,11,91465.7351811075,150690.185063629,33982.4856184732,488878.331772372,0.0909090909090909,0.149773111274208,0.033775674226962,0.625,0,0.222222222222222,-0.583333333333334,0.305555555555556,1.22222222222222,2.44444444444444,0.410714285714286,0.26347207993631,-0.0206611570247935,0.0561453788678299,339728.451591232,"Morro Bay"
2015,6,13,165734.766345083,256486.19406745,50278.4133628307,799437.224933684,0.076923076923077,0.119043865515082,0.0233359019593177,1,0.6,0.333333333333333,-0.444444444444442,0.866666666666667,2.16666666666667,4.33333333333333,0.2,0.433272031598069,0,0,562665.170254614,"Fort Bragg"
2015,6,11,67181.4921386934,101732.395877231,9886.56774953098,284899.571832426,0.0909090909090909,0.137662908798004,0.0133783704069196,1,0.2,0.333333333333333,-0.447368421052636,0.733333333333333,1.83333333333333,3.66666666666667,0.4,0.481700382822015,0,0,221234.045028639,"Bodega Bay"
2015,11,22,172912.444912717,310741.097612056,46312.8311575495,1289254.41601985,0.0454545454545455,0.081686401190686,0.0121745354421549,0.9,0.1,0.181818181818182,-0.593843843843845,0.4,2,4,0.611111111111111,0.499219808719014,0,2.22044604925031e-16,731345.528164112,"San Francisco"
2015,7,16,149761.170580537,327985.885122765,16135.1382835263,1250757.73279932,0.0625,0.136878723241209,0.00673369564895383,1,0.5,0.285714285714286,-0.56390977443609,0.761904761904762,2.28571428571429,4.57142857142857,0.333333333333333,0.256823413646803,-0.15625,0.351654379773158,868069.797728407,"San Diego"
2015,8,19,84666.7828648673,168625.020552665,31427.7996716801,742223.085173207,0.0526315789473684,0.104822703561138,0.0195365249935401,0.857142857142857,0.142857142857143,0.25,-0.0744047619047681,0.678571428571429,2.375,4.75,0.238095238095238,0.172770816279335,0.0554016620498616,0.48271527036234,420505.66317014,"Monterey"
2015,8,25,105254.459601119,222012.059837599,39932.8561563542,1107650.22085011,0.04,0.0843715546795653,0.015175739368265,1,0.571428571428571,0.25,-0.33333333333335,0.892857142857143,3.125,6.25,0.142857142857143,0.280601715494217,-0.0488,0.245614799271022,573542.025753891,"Santa Barbara"
2015,9,24,159515.93290248,387578.700776915,11503.0903771733,1598376.29487225,0.0416666666666667,0.101238241462966,0.00300468689027597,1,0.5,0.222222222222222,-0.262068965517244,0.666666666666667,2.66666666666667,5.33333333333333,0.428571428571429,0.366271179547034,-0.00781249999999996,0.108968991126927,1101222.79918622,"Los Angeles"
2015,4,2,14466.1961393667,17613.9081025232,14466.1961393667,26921.1100018575,0.5,0.608795426691009,0.5,0.666666666666667,0,0.5,-1,0.333333333333333,0.5,1,0.666666666666667,0.5,0,2.22044604925031e-16,35912.7295373103,"Unknown Ports"
2016,11,15,337340.904707545,567155.80616199,38405.5371107199,1646064.78041568,0.0666666666666667,0.112083612007401,0.00758985674427581,0.6,0.1,0.181818181818182,-0.238003838771593,0.272727272727273,1.36363636363636,2.72727272727273,0.4,0.311360321728314,0.0533333333333333,0.345285312721067,1290873.97459162,"Puget Sound"
2016,9,17,34086.2836083694,57148.1754339798,3866.00205613472,207444.114280178,0.0588235294117647,0.0986219975487147,0.00667165386135396,0.75,0,0.222222222222222,-0.32311320754717,0.472222222222222,1.88888888888889,3.77777777777778,0.357142857142857,0.26415402432255,0.0605536332179931,0.285421076698334,129899.426306948,"North WA Coast"
2016,6,10,852626.28240219,931776.055472172,689730.070073121,2828377.6981977,0.1,0.109283055742427,0.0808947699958151,1,0.4,0.333333333333333,-0.382978723404257,0.666666666666667,1.66666666666667,3.33333333333333,0.5,0.522735378536022,0,0,1870899.62849843,"WA Coast"
2016,1,0,NA,NA,NA,0,NA,NA,NA,NA,NA,NA,NA,NA,0,0,NA,NA,NA,NA,NA,"Other Coastal Washington"
2016,7,17,678206.5633588,1316447.28296801,62368.4743938037,4949202.57170857,0.0588235294117647,0.114180663609618,0.00540946370336126,1,0.5,0.285714285714286,-0.492163009404381,0.809523809523809,2.42857142857143,4.85714285714286,0.266666666666667,0.332682546380364,-0.0899653979238755,0.112256684578729,3233524.57775702,"Astoria"
2016,6,10,77256.2008540866,166690.352945838,18648.4419790325,544669.739237928,0.1,0.215763072870572,0.0241384403748428,1,0.2,0.333333333333333,-0.562499999999999,0.666666666666667,1.66666666666667,3.33333333333333,0.5,0.552699517121417,0,0,436912.42854883,"Tillamook"
2016,1,0,NA,NA,NA,0,NA,NA,NA,NA,NA,NA,NA,NA,0,0,NA,NA,NA,NA,NA,"Columbia River"
2016,6,14,953499.215506515,1507106.69780515,362516.023454251,5067062.2862619,0.0714285714285714,0.112900437319676,0.0271568148711568,1,0.8,0.333333333333333,-0.400000000000021,0.933333333333333,2.33333333333333,4.66666666666667,0.1,0.472517797451994,0,0,3335641.28928113,"Newport"
2016,6,13,649914.009989119,1029121.86243284,80069.7578650586,3276820.67114137,0.0769230769230769,0.121805683475675,0.00947696471963908,1,0.6,0.333333333333333,-0.444444444444442,0.866666666666667,2.16666666666667,4.33333333333333,0.2,0.474673852970658,0,0,2279501.60382321,"Coos Bay"
2016,7,18,286648.596773544,466025.339116677,50071.3310671006,1519071.4116193,0.0555555555555556,0.0903206815208897,0.00970435804029606,1,0.5,0.285714285714286,-0.384615384615379,0.857142857142857,2.57142857142857,5.14285714285714,0.2,0.3898203963217,0,0,1044299.66900394,"Brookings"
2016,6,10,275583.769353055,513696.681106118,10629.3478850414,1633341.28167721,0.1,0.186403097073548,0.00385702971912835,1,0.4,0.333333333333333,-0.531531531531533,0.666666666666667,1.66666666666667,3.33333333333333,0.5,0.592873270058553,-0.0400000000000001,0.00221119037616395,1233130.29249889,"Crescent City"
2016,5,7,215440.237245719,389007.038301414,41478.5160838125,1073298.9236305,0.142857142857143,0.257948258661061,0.0275041578743213,1,0.5,0.4,-0.500000000000002,0.7,1.4,2.8,0.5,0.506193800980818,0,0,917846.054202943,"Eureka"
2016,11,22,48831.4583548222,72395.996795063,26789.7349733106,321716.589582733,0.0454545454545455,0.0673894910763678,0.0249371054456604,0.7,0,0.181818181818182,0.0990990990990991,0.4,2,4,0.366666666666667,0.187671393480868,0.0867768595041321,0.136878190144305,156163.504714507,"Morro Bay"
2016,7,16,147240.087118305,306287.464917513,21538.2707252082,1083987.29877617,0.0625,0.130011920883771,0.00914249608697874,1,0.333333333333333,0.285714285714286,-0.309090909090909,0.761904761904762,2.28571428571429,4.57142857142857,0.333333333333333,0.42812241133432,0,0,784376.433623047,"Fort Bragg"
2016,5,8,150626.457761666,245157.269227865,11849.376013533,692019.749166638,0.125,0.20344804696909,0.00983341189656906,1,0.5,0.4,-0.548387096774194,0.8,1.6,3.2,0.333333333333333,0.598407118836298,0,2.22044604925031e-16,549640.598759141,"Bodega Bay"
2016,8,15,195300.641322669,349685.737419886,17380.1048042693,1265952.34457041,0.0666666666666667,0.119366645889007,0.00593276932308499,1,0.142857142857143,0.25,-0.563786008230452,0.535714285714286,1.875,3.75,0.619047619047619,0.482805428929591,0.0533333333333331,0.119999494201453,821412.845188209,"San Francisco"
2016,7,16,110006.619275074,219817.909191089,17138.3747191881,871404.531624691,0.0625,0.124889024087626,0.00973712697479432,1,0.333333333333333,0.285714285714286,-0.478547854785479,0.761904761904762,2.28571428571429,4.57142857142857,0.333333333333333,0.267292573701133,-0.111328125,0.284933859187603,549252.125768795,"San Diego"
2016,8,16,40555.9411382929,50222.8118821475,24104.605772039,176030.503549223,0.0625,0.0773974331388515,0.0371471557179563,0.857142857142857,0,0.25,-0.309090909090909,0.571428571428571,2,4,0.380952380952381,0.253863530774391,-0.0546875,0.0466502619549056,102749.808733391,"Monterey"
2016,8,25,72681.0682676448,157941.765938937,6006.73100189181,761272.295562428,0.04,0.086923194555877,0.00330580226464052,1,0.571428571428571,0.25,-0.33333333333335,0.892857142857143,3.125,6.25,0.142857142857143,0.325723334226698,-0.0488,0.257406487801696,415901.13949787,"Santa Barbara"
2016,7,14,303058.672431941,896143.389552266,9357.72341511572,3388446.82172377,0.0714285714285714,0.21121402531469,0.00220554260995622,1,0.333333333333333,0.285714285714286,-0.493333333333336,0.666666666666667,2,4,0.466666666666667,0.510691153977477,0.0306122448979593,0.0530768672713617,2952951.40836272,"Los Angeles"
2016,5,1,NA,NA,NA,0,NA,NA,NA,0.25,0,0.4,NA,0.1,0.2,0.4,0.25,0.25,0,0,NA,"Unknown Ports"
2017,9,9,310080.367170344,520477.028532022,52430.6322000152,1568579.22231856,0.111111111111111,0.186502555694643,0.0187874706585385,0.75,0,0.222222222222222,-0.571428571428572,0.25,1,2,0.642857142857143,0.233922993582339,0.141975308641975,0.452581642442322,1183713.03118452,"Puget Sound"
2017,7,5,72284.9567975387,57638.5970733022,84492.9438717846,151707.300611435,0.2,0.159476050417353,0.233777393292048,0.333333333333333,0,0.285714285714286,-0.250000000000001,0.238095238095238,0.714285714285714,1.42857142857143,0.133333333333333,0.274566779268681,0.48,0.160956921077771,118244.835861776,"North WA Coast"
2017,6,10,239254.293793214,255381.494168337,107189.389956832,608200.353232609,0.1,0.106740610636255,0.0448014488088873,1,0.2,0.333333333333333,-0.562499999999999,0.666666666666667,1.66666666666667,3.33333333333333,0.5,0.321810913128922,0,0,511850.06012049,"WA Coast"
2017,6,10,239254.293793214,255381.494168337,107189.389956832,608200.353232609,0.1,0.106740610636255,0.0448014488088873,1,0.2,0.333333333333333,-0.562499999999999,0.666666666666667,1.66666666666667,3.33333333333333,0.5,0.321810913128922,0,0,511850.06012049,"WA Coast"
2017,5,8,1064385.91026788,1405262.8866796,534438.836320936,4295518.89213434,0.125,0.165032117712588,0.0627637531610162,1,0.5,0.4,-0.548387096774194,0.8,1.6,3.2,0.333333333333333,0.343040990534893,-0.1328125,0.14473622704537,2919693.991321,"Astoria"
2017,4,5,151939.967142634,272951.58559786,47440.4099136171,637085.681107139,0.2,0.359288725318237,0.0624462553280432,1,0.666666666666667,0.5,-0.666666666666673,0.833333333333333,1.25,2.5,0.333333333333333,0.662561452500762,0,2.22044604925031e-16,642282.103457868,"Tillamook"
2017,1,0,NA,NA,NA,0,NA,NA,NA,NA,NA,NA,NA,NA,0,0,NA,NA,NA,NA,NA,"Columbia River"
2017,9,26,757452.140744335,1418091.92338008,27819.1369086208,5762839.53036554,0.0384615384615385,0.0720071858262656,0.0014125866792406,1,0.125,0.222222222222222,-0.397849462365593,0.722222222222222,2.88888888888889,5.77777777777778,0.357142857142857,0.378471445353212,0,0,3412385.16552879,"Newport"
2017,6,9,1149614.99651344,1800814.95923096,307099.861547173,5465202.13686942,0.111111111111111,0.174050052959032,0.0296814211210368,0.8,0,0.333333333333333,-0.499999999999988,0.6,1.5,3,0.3,0.426234900027274,0,2.22044604925031e-16,3970502.44772555,"Coos Bay"
2017,5,9,615995.997885959,667362.114852382,319520.68062214,1930331.84471127,0.111111111111111,0.120376343919749,0.0576339748452019,1,0.75,0.4,-0.499999999999988,0.9,1.8,3.6,0.166666666666667,0.291329286158246,0,2.22044604925031e-16,1339007.50099429,"Brookings"
2017,6,8,575837.60196853,1031294.7010775,181569.772073743,3035951.04227376,0.125,0.223868391355473,0.0394142748435144,0.8,0,0.333333333333333,-0.548387096774194,0.533333333333333,1.33333333333333,2.66666666666667,0.4,0.496850841393153,0,0,2422831.88791768,"Crescent City"
2017,7,16,270371.721932919,451143.953390226,25948.8672298799,1389146.02109799,0.0625,0.104287892555143,0.00599842391161704,1,0.5,0.285714285714286,-0.56390977443609,0.761904761904762,2.28571428571429,4.57142857142857,0.333333333333333,0.308791605068343,0,0,1023153.35614191,"Eureka"
2017,7,14,28898.0797375911,39309.6167481779,10657.330867467,136153.853707893,0.0714285714285714,0.097163195382651,0.0263421627325139,1,0.333333333333333,0.285714285714286,-0.37254901960784,0.666666666666667,2,4,0.466666666666667,0.310879388872409,-0.0841836734693877,0.150430424639432,82370.3513528758,"Morro Bay"
2017,7,16,151066.867218296,247148.807355607,19894.531877975,732585.824908814,0.0625,0.102251411869185,0.00823084681154256,1,0.333333333333333,0.285714285714286,-0.478547854785479,0.761904761904762,2.28571428571429,4.57142857142857,0.333333333333333,0.28322816786756,0,0,555407.899120632,"Fort Bragg"
2017,5,9,118020.225424832,190326.094122833,13350.8940589293,553209.390504368,0.111111111111111,0.17918406540322,0.0125693089288258,1,0.75,0.4,-0.499999999999988,0.9,1.8,3.6,0.166666666666667,0.567224562293821,0,0,424950.855100038,"Bodega Bay"
2017,10,24,186513.570745444,508067.655997598,42348.29999027,2497851.71282487,0.0416666666666667,0.113501047575026,0.00946050462999718,1,0.111111111111111,0.2,-0.436236070986381,0.533333333333333,2.4,4.8,0.583333333333333,0.472166075089748,0.0520833333333334,0.0638430692193299,1570502.63941861,"San Francisco"
2017,7,17,129975.933395219,337238.379510234,8780.56590412099,1405888.28921845,0.0588235294117647,0.152624806898489,0.00397384241236769,1,0.5,0.285714285714286,-0.492163009404381,0.809523809523809,2.42857142857143,4.85714285714286,0.266666666666667,0.373149141603974,-0.131487889273356,0.245103553487615,1004981.95677087,"San Diego"
2017,8,13,269569.479020853,760861.443520007,41613.7633653972,2791106.04109415,0.0769230769230769,0.217115838040275,0.0118747075226849,0.714285714285714,0.142857142857143,0.25,0.369696969696969,0.464285714285714,1.625,3.25,0.333333333333333,0.417190564533224,0.233727810650888,0.322725442180316,2417105.38827179,"Monterey"
2017,7,19,112541.544394298,200444.451902343,36309.6748807772,826603.554650753,0.0526315789473684,0.0937405653320203,0.0169807117036305,1,0.666666666666667,0.285714285714286,-0.373493975903605,0.904761904761905,2.71428571428571,5.42857142857143,0.133333333333333,0.277420528608574,-0.0387811634349031,0.207304609659011,469547.292935156,"Santa Barbara"
2017,8,22,196632.926719303,689975.336857594,6317.81177664007,3211529.23658436,0.0454545454545454,0.159497780127534,0.00146045358407594,1,0.571428571428571,0.25,-0.180790960451983,0.785714285714286,2.75,5.5,0.285714285714286,0.505277521663248,-0.0702479338842976,0.0621752949518725,2617722.68729304,"Los Angeles"
2017,8,12,210146.174188947,526913.527114853,33167.3256760284,1867810.85380663,0.0833333333333334,0.208947228101448,0.01315248215678,0.714285714285714,0.142857142857143,0.25,-0.43076923076923,0.428571428571429,1.5,3,0.380952380952381,0.490277682448192,0.0381944444444444,0.0158779991918662,1531311.62546661,"Unknown Ports"
2018,10,10,334326.427235381,571131.074866141,49564.027969983,1543812.56860343,0.1,0.170830370661676,0.0148250404192809,0.444444444444444,0,0.2,0.242424242424244,0.222222222222222,1,2,0.277777777777778,0.196648952188919,0.115,0.395651905319562,1309991.75939323,"Puget Sound"
2018,7,7,89235.2001501644,79288.4524607779,67639.993871705,193334.962911672,0.142857142857143,0.126933337528803,0.108285253477617,0.666666666666667,0,0.285714285714286,-0.458333333333334,0.333333333333333,1,2,0.466666666666667,0.15860195057385,0.122448979591837,0.355529549211313,159685.635438547,"North WA Coast"
2018,8,20,420795.144043779,716860.916632008,113467.203707791,2770700.11669629,0.05,0.085179323808621,0.0134824754175379,1,0.142857142857143,0.25,-0.434108527131778,0.714285714285714,2.5,5,0.380952380952381,0.370538029412601,-0.0512500000000001,0.197720103674151,1642029.70691463,"WA Coast"
2018,8,20,420795.144043779,716860.916632008,113467.203707791,2770700.11669629,0.05,0.085179323808621,0.0134824754175379,1,0.142857142857143,0.25,-0.434108527131778,0.714285714285714,2.5,5,0.380952380952381,0.370538029412601,-0.0512500000000001,0.197720103674151,1642029.70691463,"WA Coast"
2018,6,14,994902.045437486,1376669.70421458,456483.590414005,4028191.72006648,0.0714285714285714,0.0988374189720371,0.0327730462444871,1,0.8,0.333333333333333,-0.400000000000021,0.933333333333333,2.33333333333333,4.66666666666667,0.1,0.292681330158977,-0.0714285714285715,0.197875672271168,2899832.77021942,"Astoria"
2018,5,6,150345.831058436,270725.232526126,44514.3396743545,698955.489167997,0.166666666666667,0.300113889224838,0.0493466068208357,0.75,0,0.4,NA,0.6,1.2,2.4,0.25,0.449499523169616,0,0,637836.24572672,"Tillamook"
2018,2,1,NA,NA,NA,0,NA,NA,NA,1,1,1,NA,1,0.5,1,NA,NA,0,2.22044604925031e-16,NA,"Columbia River"
2018,7,19,750069.419544243,1406809.48514786,30886.1519378134,5038228.6381557,0.0526315789473684,0.0987143357030287,0.00216724865957498,1,0.666666666666667,0.285714285714286,-0.373493975903605,0.904761904761905,2.71428571428571,5.42857142857143,0.133333333333333,0.485913564958151,0,2.22044604925031e-16,3388642.43149896,"Newport"
2018,7,11,723484.792709704,986044.29420516,266589.8372185,2909990.20627513,0.0909090909090909,0.123900863273923,0.0334982020235231,0.833333333333333,0,0.285714285714286,-0.39080459770115,0.523809523809524,1.57142857142857,3.14285714285714,0.433333333333333,0.4312390317816,0,0,2067373.9247715,"Coos Bay"
2018,5,9,331720.090297906,297320.186760887,384198.370811606,903925.158301981,0.111111111111111,0.0995887113050558,0.128688943228066,1,0.75,0.4,-0.499999999999988,0.9,1.8,3.6,0.166666666666667,0.262324837693641,0,2.22044604925031e-16,598207.698498364,"Brookings"
2018,5,5,584993.388857359,711618.162445318,296282.49034699,1754476.61294194,0.2,0.243291010120743,0.101294303829896,1,0.25,0.4,-0.805555555555557,0.5,1,2,0.833333333333333,0.62103592518409,0,2.22044604925031e-16,1450644.8966653,"Crescent City"
2018,8,14,258893.352924858,448385.626304291,25708.9329699421,1539986.83223845,0.0714285714285714,0.123709413062129,0.00709308421498504,0.714285714285714,0,0.25,-0.400000000000021,0.5,1.75,3.5,0.285714285714286,0.291689242621224,0,0,1035466.67010324,"Eureka"
2018,8,13,56692.3768615255,81250.8978629829,18018.7861049205,265699.474076237,0.0769230769230769,0.110245317137602,0.0244487979926261,0.857142857142857,0,0.25,-0.321138211382113,0.464285714285714,1.625,3.25,0.523809523809524,0.339040898428929,0.0798816568047337,0.122418785342175,173140.279895578,"Morro Bay"
2018,7,17,122851.65390752,256468.855192892,13640.8153209715,932143.406826494,0.0588235294117647,0.122801791972597,0.00653146193569074,1,0.5,0.285714285714286,-0.492163009404381,0.809523809523809,2.42857142857143,4.85714285714286,0.266666666666667,0.367560020423831,0,0,658263.84895593,"Fort Bragg"
2018,5,10,181530.876470722,524008.674333525,2446.93236618127,1669113.74289192,0.1,0.2886609069053,0.0013479427928482,1,1,0.4,NA,1,2,4,0,0.611909753044367,0,0,1694139.06806431,"Bodega Bay"
2018,8,15,254833.456704282,727212.399520503,58255.6652929356,2870609.01203871,0.0666666666666667,0.190245139950203,0.0152401928292949,0.857142857142857,0.142857142857143,0.25,0.0243902439024364,0.535714285714286,1.875,3.75,0.428571428571429,0.499215693295765,-0.0555555555555555,0.047082032524912,2330062.8275088,"San Francisco"
2018,8,21,116697.703385323,401699.894243956,6821.71156761251,1856600.13113044,0.0476190476190476,0.163915534219288,0.0027836315416504,1,0.285714285714286,0.25,-0.458333333333334,0.75,2.625,5.25,0.333333333333333,0.443383313982797,-0.0317460317460317,0.210415091614087,1499439.61136275,"San Diego"
2018,6,11,201227.73934709,467092.369328355,14167.2390897008,1545831.39708983,0.0909090909090909,0.211019329660964,0.00640036423663705,1,0.4,0.333333333333333,-0.39080459770115,0.733333333333333,1.83333333333333,3.66666666666667,0.4,0.335051236147427,-0.0206611570247935,0.406558433912445,1285448.44466672,"Monterey"
2018,9,30,92434.8469774145,188971.357771096,17305.2637580469,918109.79919106,0.0333333333333333,0.0681457855453111,0.00624052664261105,1,0.5,0.222222222222222,-0.291989664082693,0.833333333333333,3.33333333333333,6.66666666666667,0.214285714285714,0.275820645202504,-0.013888888888889,0.083250499824119,478762.895603675,"Santa Barbara"
2018,11,39,108492.668274227,374644.770286136,5927.47643673711,2250319.75919211,0.0256410256410256,0.0885430906437114,0.00140089259226982,1,0.1,0.181818181818182,-0.393901524618847,0.709090909090909,3.54545454545455,7.09090909090909,0.355555555555556,0.363416693551657,-0.0424063116370808,0.123647595333989,1402208.6966051,"Los Angeles"
2018,6,4,23713.2508739062,23855.9603435302,14353.5578945826,59120.0606911596,0.25,0.251504532954833,0.151324231870472,0.4,0,0.333333333333333,-0.333333333333333,0.266666666666667,0.666666666666667,1.33333333333333,0.2,0.331082519438975,0.21875,0.199337530756539,47712.7795314605,"Unknown Ports"
2019,8,10,201838.610429283,391363.984454519,9545.75268523955,1056739.34236809,0.1,0.193899464340416,0.00472939873344205,0.857142857142857,0.142857142857143,0.25,-0.646706586826347,0.357142857142857,1.25,2.5,0.666666666666667,0.261490895567481,0.0149999999999999,0.437978410971695,960691.279907904,"Puget Sound"
2019,6,6,47772.5042125088,32142.8266877576,44178.9575788054,91113.6814547576,0.166666666666667,0.112138517115672,0.154129655077608,0.6,0,0.333333333333333,-0.285714285714284,0.4,1,2,0.3,0.21959961480671,0.111111111111111,0.270552714753172,69399.1977365359,"North WA Coast"
2019,6,10,501356.107425538,843511.985942535,198833.757099609,2802366.24886951,0.1,0.168246077677993,0.0396591871834613,1,0.4,0.333333333333333,-0.382978723404257,0.666666666666667,1.66666666666667,3.33333333333333,0.5,0.53747787321953,0.0199999999999999,0.00530621800504303,1920531.9385176,"WA Coast"
2019,6,10,501356.107425538,843511.985942535,198833.757099609,2802366.24886951,0.1,0.168246077677993,0.0396591871834613,1,0.4,0.333333333333333,-0.382978723404257,0.666666666666667,1.66666666666667,3.33333333333333,0.5,0.53747787321953,0.0199999999999999,0.00530621800504303,1920531.9385176,"WA Coast"
2019,5,8,1294890.98532541,2130814.52367636,653340.12586181,6321301.1650784,0.125,0.20569439317906,0.0630690279399877,1,0.5,0.4,-0.548387096774194,0.8,1.6,3.2,0.333333333333333,0.360313494843079,-0.1328125,0.295578055338705,4801263.78872329,"Astoria"
2019,7,10,57544.6507174609,133940.7771194,4284.15219541532,432800.89121649,0.1,0.232759736047468,0.00744491823653623,0.666666666666667,0,0.285714285714286,-0.176470588235298,0.476190476190476,1.42857142857143,2.85714285714286,0.266666666666667,0.486358231180306,-0.00500000000000003,0.000568151182816513,369304.850000503,"Tillamook"
2019,1,0,NA,NA,NA,0,NA,NA,NA,NA,NA,NA,NA,NA,0,0,NA,NA,NA,NA,NA,"Columbia River"
2019,6,11,951632.020507133,1886431.09730519,239995.672422414,6443862.89131148,0.0909090909090909,0.180210136295396,0.0229267068907693,1,0.4,0.333333333333333,-0.39080459770115,0.733333333333333,1.83333333333333,3.66666666666667,0.4,0.571570156219013,0,0,4691126.0772368,"Newport"
2019,6,13,391549.684037751,703151.401991276,63607.7448901231,2557263.97959182,0.076923076923077,0.138139734467847,0.0124962518233437,1,0.6,0.333333333333333,-0.444444444444442,0.866666666666667,2.16666666666667,4.33333333333333,0.2,0.487853849445566,0,0,1654280.60754075,"Coos Bay"
2019,5,8,135513.161404266,145568.406450141,105843.384740147,411316.820458983,0.125,0.134275155399738,0.0976320156316702,1,0.5,0.4,-0.548387096774194,0.8,1.6,3.2,0.333333333333333,0.479398537394284,0,0,291882.924583344,"Brookings"
2019,5,7,205713.401888655,221867.948234827,186088.757171829,541186.065757558,0.142857142857143,0.154075626018568,0.129228858807134,1,0.25,0.4,-0.555555555555554,0.7,1.4,2.8,0.5,0.600511187811111,0,0,445004.503012808,"Crescent City"
2019,4,6,356115.816092073,438652.743822289,204054.899406095,1141805.22277755,0.166666666666667,0.205294983635734,0.0955002512222678,1,1,0.5,NA,1,1.5,3,0,0.404478900726907,-0.166666666666667,0.0723989247078768,896435.063280672,"Eureka"
2019,8,16,17984.8658881865,21994.8326082016,7108.53173026897,69315.8928769908,0.0625,0.076435212058799,0.0247031718726155,1,0.285714285714286,0.25,-0.380710659898477,0.571428571428571,2,4,0.571428571428571,0.167370024253515,0.044921875,0.291009793455164,44883.7410018773,"Morro Bay"
2019,6,11,134834.682617398,236785.656169803,31996.8367079629,749758.135239605,0.0909090909090909,0.159647119901566,0.0215731092373426,1,0.2,0.333333333333333,-0.447368421052636,0.733333333333333,1.83333333333333,3.66666666666667,0.4,0.256968958420863,-0.103305785123967,0.339784070683763,550658.311074025,"Fort Bragg"
2019,7,11,209439.112414252,634752.93676456,4205.76375485709,2118081.65106875,0.0909090909090909,0.27552070751239,0.00182555280685216,0.833333333333333,0,0.285714285714286,-0.447368421052636,0.523809523809524,1.57142857142857,3.14285714285714,0.433333333333333,0.493328608028007,-0.119834710743802,0.00501879704546665,2133202.47297658,"Bodega Bay"
2019,7,14,399645.229582214,1002922.79190826,80631.6933296619,3822115.07048132,0.0714285714285714,0.179252339266129,0.014411298421916,1,0.166666666666667,0.285714285714286,-0.519379844961237,0.666666666666667,2,4,0.466666666666667,0.544478590535509,0,0,2916512.82132243,"San Francisco"
2019,7,16,160465.386595932,533719.180695021,5134.14200649756,2153511.56865386,0.0625,0.207879403160235,0.00199970773892886,1,0.333333333333333,0.285714285714286,-0.478547854785479,0.761904761904762,2.28571428571429,4.57142857142857,0.333333333333333,0.511477603654912,-0.111328125,0.080885363738225,1935652.98240474,"San Diego"
2019,6,10,76484.9772706565,105393.787887132,45646.4325901889,352927.088845337,0.1,0.137796717274526,0.0596802590771,0.8,0.2,0.333333333333333,-0.176470588235298,0.666666666666667,1.66666666666667,3.33333333333333,0.2,0.38594226450437,0,0,221714.157190402,"Monterey"
2019,8,25,93267.5556506729,151340.667083861,61275.2214676071,728021.52201855,0.04,0.0649060291236525,0.0262793298441782,1,0.571428571428571,0.25,-0.33333333333335,0.892857142857143,3.125,6.25,0.142857142857143,0.264338622790276,-0.0768000000000001,0.0890264689883008,338840.599284125,"Santa Barbara"
2019,10,27,159471.409013256,460947.984835864,16900.3057154146,2194105.56920387,0.037037037037037,0.107054598013205,0.00392507505008016,1,0.222222222222222,0.2,-0.333333333333333,0.6,2.7,5.4,0.5,0.407847344405333,0.0301783264746228,0.0890490118042863,1491829.64199647,"Los Angeles"
2019,7,5,18943.6791730112,17263.8980716598,22629.8907252912,44066.0278344407,0.2,0.18226552417817,0.23891758848547,0.333333333333333,0,0.285714285714286,-0.250000000000001,0.238095238095238,0.714285714285714,1.42857142857143,0.133333333333333,0.292904705209819,0.3,0.361903015541625,34676.7463299591,"Unknown Ports"
2020,9,11,267520.513732753,541079.469173807,34822.3863400668,1610871.10809323,0.0909090909090909,0.183870171172379,0.0118333784624197,0.75,0,0.222222222222222,-0.379204892966361,0.305555555555556,1.22222222222222,2.44444444444444,0.571428571428571,0.254023950939092,0.0537190082644628,0.436379315027401,1361892.63449608,"Puget Sound"
2020,7,7,69998.0631145091,96351.8991863408,26804.1112693561,270125.406059468,0.142857142857143,0.196641969994267,0.0547037815389417,0.666666666666667,0,0.285714285714286,-0.244444444444445,0.333333333333333,1,2,0.466666666666667,0.191505389228732,0.193877551020408,0.485883658038414,202625.853995347,"North WA Coast"
2020,7,7,740346.991884574,794599.414303355,465495.915469411,2155065.94104058,0.142857142857143,0.153325674700701,0.0898219581150104,0.833333333333333,0,0.285714285714286,-0.765765765765766,0.333333333333333,1,2,0.7,0.470715878529549,0,0,1593174.43108848,"WA Coast"
2020,7,7,740346.991884574,794599.414303355,465495.915469411,2155065.94104058,0.142857142857143,0.153325674700701,0.0898219581150104,0.833333333333333,0,0.285714285714286,-0.765765765765766,0.333333333333333,1,2,0.7,0.470715878529549,0,0,1593174.43108848,"WA Coast"
2020,6,11,717629.491283393,1684509.91933377,13995.979105313,5607258.34905194,0.0909090909090909,0.2133932164913,0.00177300647799629,1,0.4,0.333333333333333,-0.583333333333334,0.733333333333333,1.83333333333333,3.66666666666667,0.4,0.381759191332608,-0.0826446280991736,0.341828003220143,4671722.38016286,"Astoria"
2020,6,9,127561.405535406,336673.703959357,12739.0511539498,1024368.38080861,0.111111111111111,0.293256327584398,0.0110962255572181,0.8,0,0.333333333333333,-0.499999999999988,0.6,1.5,3,0.3,0.482709724031503,0,0,1016146.65169163,"Tillamook"
2020,1,0,NA,NA,NA,0,NA,NA,NA,NA,NA,NA,NA,NA,0,0,NA,NA,NA,NA,NA,"Columbia River"
2020,6,11,837611.707816512,1728440.84506041,268576.241978518,5879133.23957371,0.0909090909090909,0.18759406589981,0.0291495710604319,1,0.4,0.333333333333333,-0.39080459770115,0.733333333333333,1.83333333333333,3.66666666666667,0.4,0.563294550029098,0,0,4404309.41153056,"Newport"
2020,9,28,292493.113877135,586544.928373986,27801.2978115061,2680754.957613,0.0357142857142857,0.0716188934451744,0.0033946217745323,1,0.5,0.222222222222222,-0.399999999999997,0.777777777777778,3.11111111111111,6.22222222222222,0.285714285714286,0.445117470387554,0,0,1468708.6782058,"Coos Bay"
2020,6,13,94798.4624015259,136288.022892684,35930.1993615427,485655.119968468,0.0769230769230769,0.1105892838669,0.029155129939164,1,0.6,0.333333333333333,-0.444444444444442,0.866666666666667,2.16666666666667,4.33333333333333,0.2,0.311463553092348,-0.0355029585798816,0.140801724179308,290734.395468914,"Brookings"
2020,6,11,63357.1893712233,121825.434342994,19877.1301788272,420109.043524735,0.0909090909090909,0.174803200641299,0.0285210226711789,1,0.4,0.333333333333333,-0.39080459770115,0.733333333333333,1.83333333333333,3.66666666666667,0.4,0.471321689993485,0.0330578512396694,0.0208809988160006,297607.423640613,"Crescent City"
2020,7,13,158908.725672618,401206.637557874,36554.289534217,1472652.55920017,0.0769230769230769,0.194212425480619,0.0176948648591015,0.833333333333333,0.166666666666667,0.285714285714286,-0.354166666666665,0.619047619047619,1.85714285714286,3.71428571428571,0.3,0.475216253873473,-0.00295857988165681,0.120530419341943,1171859.81026012,"Eureka"
2020,7,15,20292.1025008248,28687.8098011603,13884.1435023644,113158.794996086,0.0666666666666667,0.0942495068380887,0.045614276134603,1,0.333333333333333,0.285714285714286,-0.282051282051278,0.714285714285714,2.14285714285714,4.28571428571429,0.4,0.278537945233722,0.0533333333333331,0.0577136184231056,60849.2813911884,"Morro Bay"
2020,6,9,182197.103250538,296220.173949836,47452.3055185203,822320.58081364,0.111111111111111,0.180646959111277,0.028938321723461,0.8,0,0.333333333333333,-0.499999999999988,0.6,1.5,3,0.3,0.213145895892269,-0.17283950617284,0.3247307783505,663798.566113599,"Fort Bragg"
2020,4,3,534082.679672758,916549.246855213,8618.96015141107,1592413.95591823,0.333333333333333,0.572039549767088,0.0053792920581086,0.666666666666667,0,0.5,NA,0.5,0.75,1.5,0.333333333333333,0.499241613708339,0,0,2106989.93520402,"Bodega Bay"
2020,7,12,354053.457689626,735321.256624519,117330.246304902,2658894.78095079,0.0833333333333333,0.17307208856323,0.0276159441831514,1,0.166666666666667,0.285714285714286,-0.62962962962963,0.571428571428571,1.71428571428571,3.42857142857143,0.6,0.505488295202004,0,0,1881216.48547696,"San Francisco"
2020,8,21,91778.7257903595,283646.666326754,2339.37506393461,1284969.29042279,0.0476190476190476,0.147169008879578,0.00121377597704692,1,0.285714285714286,0.25,-0.458333333333334,0.75,2.625,5.25,0.333333333333333,0.45601085853812,0,0,968402.699651759,"San Diego"
2020,7,12,82121.2756220189,114395.48703476,40088.5868183556,402590.482510571,0.0833333333333333,0.116083891545647,0.0406802688206241,0.833333333333333,0,0.285714285714286,-0.454545454545455,0.571428571428571,1.71428571428571,3.42857142857143,0.366666666666667,0.365522918986675,0,0,241474.955345074,"Monterey"
2020,9,26,80388.9349955833,174865.459787138,14307.7870228459,850909.441959461,0.0384615384615385,0.0836631883177348,0.0068454632582074,1,0.125,0.222222222222222,-0.39888682745826,0.722222222222222,2.88888888888889,5.77777777777778,0.357142857142857,0.403814976394866,0,2.22044604925031e-16,460763.784198988,"Santa Barbara"
2020,10,29,74448.4436851286,194046.348630841,8136.62081075023,918958.597257919,0.0344827586206896,0.0898776800407459,0.00376869035156507,0.888888888888889,0,0.2,-0.324200913242017,0.644444444444444,2.9,5.8,0.305555555555556,0.191780082366147,-0.0505350772889417,0.419283021091284,580221.077109343,"Los Angeles"
2020,8,6,13879.4827635209,15619.2372332243,8896.52406072491,39118.3303467106,0.166666666666667,0.187557868682206,0.106830638820195,0.428571428571429,0,0.25,-0.448275862068965,0.214285714285714,0.75,1.5,0.285714285714286,0.162729791299514,0.319444444444445,0.493539282590088,31456.5478389528,"Unknown Ports"
2021,10,12,271128.8398646,435578.634571333,32722.810248182,1287241.64728448,0.0833333333333333,0.133878120696191,0.0100575831600097,0.777777777777778,0,0.2,-0.549019607843137,0.266666666666667,1.2,2.4,0.638888888888889,0.269184372753958,-0.0034722222222221,0.336479130156355,970902.228006474,"Puget Sound"
2021,7,6,80138.2070710691,74021.7965714404,45982.3464192892,214349.666874539,0.166666666666667,0.153946120660015,0.0956313434416923,0.5,0,0.285714285714286,0.399999999999999,0.285714285714286,0.857142857142857,1.71428571428571,0.3,0.112054163043422,0.277777777777778,0.494122912072101,148510.417629817,"North WA Coast"
2021,5,6,1048248.5869533,1200202.5403724,406860.730100193,2865503.78179929,0.166666666666667,0.190826640949859,0.0646889702760807,1,0.25,0.4,-0.714285714285716,0.6,1.2,2.4,0.666666666666667,0.545327347459234,0,0,2422432.30238581,"WA Coast"
2021,5,6,1048248.5869533,1200202.5403724,406860.730100193,2865503.78179929,0.166666666666667,0.190826640949859,0.0646889702760807,1,0.25,0.4,-0.714285714285716,0.6,1.2,2.4,0.666666666666667,0.545327347459234,0,0,2422432.30238581,"WA Coast"
2021,6,12,862268.528857792,1861412.11227885,82941.0158083487,6464694.97512552,0.0833333333333333,0.179894859700741,0.0080157759283156,1,0.6,0.333333333333333,-0.434782608695661,0.8,2,4,0.3,0.325708995157614,-0.114583333333333,0.329966222967996,4880570.17826176,"Astoria"
2021,6,10,192420.848737666,503249.810330985,21222.6118522435,1618272.50360968,0.1,0.261536010069825,0.0110292683934562,1,0.2,0.333333333333333,-0.562499999999999,0.666666666666667,1.66666666666667,3.33333333333333,0.5,0.55070228193292,0,0,1508600.32336129,"Tillamook"
2021,1,0,NA,NA,NA,0,NA,NA,NA,NA,NA,NA,NA,NA,0,0,NA,NA,NA,NA,NA,"Columbia River"
2021,6,12,912649.755894938,1479184.75124823,314265.047527862,4540950.57518674,0.0833333333333333,0.135063199372118,0.0286952949819996,1,0.6,0.333333333333333,-0.276595744680839,0.8,2,4,0.3,0.54707278393173,0,0,3310050.85548738,"Newport"
2021,6,11,615241.298451355,878815.22767956,173154.237274735,2356234.5911446,0.0909090909090909,0.129855218800354,0.0255855618556916,1,0.4,0.333333333333333,-0.583333333333334,0.733333333333333,1.83333333333333,3.66666666666667,0.4,0.517953360894669,-0.0206611570247935,0.047380832888986,1870547.47888089,"Coos Bay"
2021,6,13,225318.797549748,331591.563811363,88424.2534416223,1128426.86157358,0.0769230769230769,0.113204240602576,0.0301877416501558,1,0.6,0.333333333333333,-0.444444444444442,0.866666666666667,2.16666666666667,4.33333333333333,0.2,0.508771468595112,0,0,713307.222779067,"Brookings"
2021,5,7,225086.700151547,327389.992547652,6450.52846897169,868719.173286539,0.142857142857143,0.207786594693909,0.00409399607518135,1,0.5,0.4,-0.500000000000002,0.7,1.4,2.8,0.5,0.617834830687872,0,0,701277.461969933,"Crescent City"
2021,4,6,513855.474710483,493470.397362482,506686.772279209,1225011.38586206,0.166666666666667,0.160054860315381,0.164341530908954,1,1,0.5,NA,1,1.5,3,0,0.301346515847404,0,0,987749.487828249,"Eureka"
2021,8,15,15091.4209640493,16609.6203427386,9756.38966743192,50466.3253637739,0.0666666666666667,0.0733733440666101,0.0430990547131537,0.857142857142857,0,0.25,-0.282051282051278,0.535714285714286,1.875,3.75,0.428571428571429,0.307641755560133,0.0533333333333331,0.121951451963157,33371.9717874022,"Morro Bay"
2021,6,12,180040.806085735,337909.8034109,14897.6079366058,1185799.75123234,0.0833333333333333,0.156404266879544,0.0068954775033572,1,0.4,0.333333333333333,-0.454545454545455,0.8,2,4,0.3,0.34691104131723,-0.107638888888889,0.142107483283439,814247.226972448,"Fort Bragg"
2021,3,2,599984.191306078,827895.663132074,599984.191306078,1185394.8288217,0.5,0.689931230796153,0.5,1,0.5,0.666666666666667,-1,0.666666666666667,0.666666666666667,1.33333333333333,1,0.75,0,0,1742366.3389771,"Bodega Bay"
2021,4,4,1026126.11620526,1481017.70053843,362523.117516586,3240981.82160052,0.25,0.36082740638534,0.088323236245375,1,0.333333333333333,0.5,-0.714285714285714,0.666666666666667,1,2,0.666666666666667,0.621683109577388,0,0,3163693.21898951,"San Francisco"
2021,9,26,94946.5652782358,259512.017434143,11201.5293761448,1293977.82282397,0.0384615384615385,0.105124723685636,0.00453758439461319,1,0.25,0.222222222222222,-0.45825366475462,0.722222222222222,2.88888888888889,5.77777777777778,0.357142857142857,0.338043967600507,0,0,804255.922550757,"San Diego"
2021,7,15,92159.7708907442,109928.270469368,27610.2154749393,372322.469618857,0.0666666666666667,0.0795200692644142,0.0199727170963213,0.833333333333333,0,0.285714285714286,NA,0.714285714285714,2.14285714285714,4.28571428571429,0.166666666666667,0.24241804067272,-0.0888888888888889,0.130668045130825,223282.326118365,"Monterey"
2021,10,31,105191.468714483,242131.75170756,29921.8454430016,1246500.51018461,0.032258064516129,0.0742522351236114,0.00917584698205752,0.888888888888889,0,0.2,-0.284023668639055,0.688888888888889,3.1,6.2,0.25,0.308787839514973,-0.0291363163371487,0.186752524390089,662535.005233613,"Santa Barbara"
2021,9,25,87563.119345225,260785.57384272,13344.9328898955,1309125.26562056,0.04,0.119130326006113,0.00609614321174737,0.875,0.125,0.222222222222222,-0.277777777777782,0.694444444444444,2.77777777777778,5.55555555555556,0.232142857142857,0.380320331853862,-0.0648,0.187792862743958,864249.880084587,"Los Angeles"
2021,7,3,18417.4021671005,11589.3755324296,21884.3424668232,27877.6297507986,0.333333333333333,0.209754076195249,0.396080878078738,0.333333333333333,0,0.285714285714286,-0.500000000000003,0.142857142857143,0.428571428571429,0.857142857142857,0.266666666666667,0.286962165652936,0,2.22044604925031e-16,25710.1584425542,"Unknown Ports"
2022,9,9,211440.778129216,368660.746628965,33135.9621132013,1021061.70152102,0.111111111111111,0.193729447760371,0.0174127885865208,0.625,0,0.222222222222222,-0.477611940298507,0.25,1,2,0.482142857142857,0.22911474330424,0.123456790123457,0.446869765406508,854224.763827414,"Puget Sound"
2022,6,4,116087.913349367,110563.569423619,88462.1820003473,269838.871139074,0.25,0.238103102712504,0.190506874161223,0.4,0,0.333333333333333,1,0.266666666666667,0.666666666666667,1.33333333333333,0.2,0.1858316630803,0.375,0.486842697837813,221390.029056299,"North WA Coast"
2022,7,14,289046.354957194,308618.909767186,178913.287270051,847207.62790702,0.0714285714285714,0.0762653029953547,0.0442127025652406,1,0.166666666666667,0.285714285714286,-0.519379844961237,0.666666666666667,2,4,0.466666666666667,0.409376684794524,-0.020408163265306,0.140291525691716,618563.160246061,"WA Coast"
2022,7,14,289046.354957194,308618.909767186,178913.287270051,847207.62790702,0.0714285714285714,0.0762653029953547,0.0442127025652406,1,0.166666666666667,0.285714285714286,-0.519379844961237,0.666666666666667,2,4,0.466666666666667,0.409376684794524,-0.020408163265306,0.140291525691716,618563.160246061,"WA Coast"
2022,6,12,720388.346817632,1536172.52331464,35214.1920643421,5002213.5185953,0.0833333333333333,0.177701898577898,0.0040735195375179,1,0.6,0.333333333333333,-0.434782608695661,0.8,2,4,0.3,0.296325565439386,-0.128472222222222,0.376518587483519,3996157.63405218,"Astoria"
2022,3,3,23125.1726727677,39406.1137118423,682.358756918178,68626.046889163,0.333333333333333,0.568011812199311,0.00983572845882251,1,1,0.666666666666667,NA,1,1,2,0,0.747823398775065,0,0,90274.5868563546,"Tillamook"
2022,2,1,NA,NA,NA,0,NA,NA,NA,1,1,1,NA,1,0.5,1,NA,NA,0,0,NA,"Columbia River"
2022,5,8,1084542.10993685,1043882.72706183,1061800.27421517,3160608.61737333,0.125,0.120313761620861,0.122378866676394,1,0.5,0.4,-0.548387096774194,0.8,1.6,3.2,0.333333333333333,0.288453074163883,-0.1328125,0.141346428600135,2089289.77060766,"Newport"
2022,4,5,713515.765378954,872642.350982653,193421.019278967,1957085.15808712,0.2,0.244603523376722,0.0542163267201923,1,0.666666666666667,0.5,-0.666666666666673,0.833333333333333,1.25,2.5,0.333333333333333,0.626445691143826,0,0,1780772.73386947,"Coos Bay"
2022,4,5,259828.152091434,376218.305516736,41261.242799527,905120.607786058,0.2,0.289590102141315,0.0317604096918698,1,0.666666666666667,0.5,-0.666666666666673,0.833333333333333,1.25,2.5,0.333333333333333,0.587126060848387,0,0,804573.639701554,"Brookings"
2022,4,4,298549.095741429,434605.887693044,132281.031143856,929611.868316098,0.25,0.363931673125426,0.110769914421733,1,0.333333333333333,0.5,-0.714285714285714,0.666666666666667,1,2,0.666666666666667,0.666641598358834,0,0,931216.487174591,"Crescent City"
2022,5,7,326841.255036016,364444.420470058,153713.970512304,928082.709832737,0.142857142857143,0.15929289169093,0.06718594518368,1,0.25,0.4,-0.555555555555554,0.7,1.4,2.8,0.5,0.330381730171087,0,0,733215.094217122,"Eureka"
2022,6,6,15575.0903798063,26627.2436076381,3840.1584304073,68620.7642914545,0.166666666666667,0.284934072701127,0.0410929496690242,0.8,0,0.333333333333333,-0.499999999999999,0.4,1,2,0.6,0.483418246134677,0,0,61097.1441753824,"Morro Bay"
2022,5,8,178331.614827855,336892.619359681,14396.0703955333,946572.609755478,0.125,0.2361419620442,0.0100908007880641,1,0.5,0.4,-0.548387096774194,0.8,1.6,3.2,0.333333333333333,0.556471783430847,-0.09375,0.00192778568476839,814767.487898293,"Fort Bragg"
2022,6,8,66947.9262821435,145544.553224448,9442.55241896684,423192.28193971,0.125,0.271749554667065,0.0176304049717171,0.8,0,0.333333333333333,-0.548387096774194,0.533333333333333,1.33333333333333,2.66666666666667,0.4,0.450565709449313,-0.09375,0.0534145202988291,383361.266465829,"Bodega Bay"
2022,6,12,177164.942245395,216243.630792334,62453.9793895189,494670.396672289,0.0833333333333334,0.101714833293979,0.029376569746237,1,0.4,0.333333333333333,-0.454545454545455,0.8,2,4,0.3,0.497607655651073,0,0,441107.16052852,"San Francisco"
2022,11,30,73644.7257146325,240781.868994912,7333.4897916277,1262260.56469102,0.0333333333333333,0.108983531705051,0.00331930979915855,0.9,0.1,0.181818181818182,-0.211267605633803,0.545454545454545,2.72727272727273,5.45454545454545,0.433333333333333,0.429555862405871,0.0527777777777779,0.00221553054484724,860882.479322884,"San Diego"
2022,8,17,65580.006742804,110717.703925355,28629.9386201397,454109.529714617,0.0588235294117647,0.099310848484638,0.0256802967874595,0.857142857142857,0.142857142857143,0.25,-0.150375939849621,0.607142857142857,2.125,4.25,0.333333333333333,0.337424224553381,0.032871972318339,0.196746420046245,252502.981767468,"Monterey"
2022,8,23,67173.1627785866,119173.397089674,14741.1201347349,495052.942811729,0.0434782608695652,0.0771357463762131,0.00954128464726564,1,0.571428571428571,0.25,-0.348408710217748,0.821428571428571,2.875,5.75,0.238095238095238,0.378083942819411,0,0,278601.328230706,"Santa Barbara"
2022,8,18,61336.6951902896,108608.416355796,22545.0215056251,419477.531988045,0.0555555555555555,0.0983717966860821,0.0204200958475382,0.857142857142857,0.142857142857143,0.25,-0.153203342618381,0.642857142857143,2.25,4.5,0.285714285714286,0.335163973767391,-0.0324074074074074,0.176204074855151,253648.786128985,"Los Angeles"
2022,6,1,NA,NA,NA,0,NA,NA,NA,0.2,0,0.333333333333333,NA,0.0666666666666667,0.166666666666667,0.333333333333333,0.2,0.2,0,2.22044604925031e-16,NA,"Unknown Ports"
2023,9,5,474998.421459041,628609.366620017,370968.360463094,1554111.51511817,0.2,0.264678507641828,0.15619772348868,0.375,0,0.222222222222222,-0.666666666666667,0.138888888888889,0.555555555555556,1.11111111111111,0.303571428571429,0.291525089639246,0.22,0.273206926427119,1306895.36669235,"Puget Sound"
2023,7,8,62771.4094826097,79145.4510142955,28691.1223968187,208506.695535061,0.125,0.157606487704052,0.0571341368492915,0.666666666666667,0,0.285714285714286,-0.396825396825397,0.380952380952381,1.14285714285714,2.28571428571429,0.4,0.149360558530317,0.125,0.470043045438019,162562.101899539,"North WA Coast"
2023,6,10,703058.923418874,872436.712736419,584052.109202335,2879306.32043365,0.1,0.124091549609226,0.083072995697455,1,0.2,0.333333333333333,-0.562499999999999,0.666666666666667,1.66666666666667,3.33333333333333,0.5,0.521488476741466,-0.0450000000000001,0.0370397650951955,1785679.15961328,"WA Coast"
2023,6,10,703058.923418874,872436.712736419,584052.109202335,2879306.32043365,0.1,0.124091549609226,0.083072995697455,1,0.2,0.333333333333333,-0.562499999999999,0.666666666666667,1.66666666666667,3.33333333333333,0.5,0.521488476741466,-0.0450000000000001,0.0370397650951955,1785679.15961328,"WA Coast"
2023,7,19,817322.119457005,1460385.64328088,55952.8002093369,4668669.95490647,0.0526315789473684,0.0940417498170797,0.00360308885742687,1,0.666666666666667,0.285714285714286,-0.373493975903605,0.904761904761905,2.71428571428571,5.42857142857143,0.133333333333333,0.301078665232394,-0.132963988919668,0.245957565840986,3426729.32419264,"Astoria"
2023,5,6,87784.7559848392,175253.120571274,14433.9867765629,444665.318817012,0.166666666666667,0.332732637926227,0.0274041254175833,0.75,0,0.4,NA,0.6,1.2,2.4,0.25,0.454454090636663,-0.166666666666667,0.0384853194571237,437659.354659738,"Tillamook"
2023,1,0,NA,NA,NA,0,NA,NA,NA,NA,NA,NA,NA,NA,0,0,NA,NA,NA,NA,NA,"Columbia River"
2023,6,8,1093208.87555435,1872319.42554164,342327.456410665,5408891.71530711,0.125,0.214085279973625,0.0391425033295988,0.8,0,0.333333333333333,-0.333333333333333,0.533333333333333,1.33333333333333,2.66666666666667,0.4,0.463944156239146,0,0,4299897.10289145,"Newport"
2023,7,7,667493.323259851,1153516.17347218,262993.13952912,3224463.85988094,0.142857142857143,0.246875914768648,0.0562858791166277,0.666666666666667,0,0.285714285714286,-0.244444444444445,0.333333333333333,1,2,0.466666666666667,0.459825454784817,-0.0306122448979592,0.0653991683097097,2660920.84694448,"Coos Bay"
2023,4,5,65233.2800144921,85531.039665062,23776.8603421249,212474.474045817,0.2,0.262231301709988,0.0728979451496007,1,0.666666666666667,0.5,-0.666666666666673,0.833333333333333,1.25,2.5,0.333333333333333,0.558204257520287,0,0,177377.859354381,"Brookings"
2023,5,7,155832.589099424,258332.78964231,26782.8859837387,697364.785666967,0.142857142857143,0.236822634135084,0.0245528011259853,1,0.25,0.4,-0.555555555555554,0.7,1.4,2.8,0.5,0.61506779744579,0,0,584085.951185318,"Crescent City"
2023,6,11,114755.242636993,169088.773784509,7914.95105478286,445657.674740328,0.0909090909090909,0.133952108456675,0.00627022337669046,1,0.2,0.333333333333333,-0.447368421052636,0.733333333333333,1.83333333333333,3.66666666666667,0.4,0.482626322991705,0,2.22044604925031e-16,363903.01804967,"Eureka"
2023,5,5,30380.1200995376,44191.7092120669,17581.8217112426,107124.875852342,0.2,0.290925177828639,0.115745570811685,0.75,0,0.4,-0.666666666666673,0.5,1,2,0.416666666666667,0.489474059158078,0,0,94662.5244048979,"Morro Bay"
2023,5,8,101397.667168922,208431.036509611,4966.123878934,589110.159410382,0.125,0.256947524446468,0.00612208842864793,1,0.5,0.4,-0.548387096774194,0.8,1.6,3.2,0.333333333333333,0.59476350607682,-0.03125,0.00515813301674894,529844.377960568,"Fort Bragg"
2023,5,5,140439.305827416,172083.725209957,53359.0739417119,429243.611370213,0.2,0.245064904295994,0.0759888033159096,1,0.25,0.4,-0.805555555555557,0.5,1,2,0.833333333333333,0.545844996545928,0.0799999999999998,0.126183810854604,351297.714074797,"Bodega Bay"
2023,5,9,268099.783590345,340090.093159101,101757.111383709,794230.3206565,0.111111111111111,0.140946731186209,0.0421721552993755,1,0.75,0.4,-0.499999999999988,0.9,1.8,3.6,0.166666666666667,0.572438329396126,0,0,699511.06604664,"San Francisco"
2023,7,16,96368.6505713754,235391.549256555,23583.7549656608,951279.920922701,0.0625,0.152663462041925,0.0152952716118204,1,0.5,0.285714285714286,-0.468354430379747,0.761904761904762,2.28571428571429,4.57142857142857,0.333333333333333,0.442281577480879,0,0,671339.672090064,"San Diego"
2023,7,12,117544.871857669,184118.659520825,33703.7117654452,519816.389754273,0.0833333333333333,0.130530761438185,0.0238942167593778,0.833333333333333,0.166666666666667,0.285714285714286,-0.333333333333333,0.571428571428571,1.71428571428571,3.42857142857143,0.366666666666667,0.199616838004846,0.0798611111111112,0.428275768093688,405942.657724444,"Monterey"
2023,8,21,145848.550672958,268547.3385705,40026.8061381622,1157998.60435775,0.0476190476190476,0.0876797777170382,0.0130686138376892,0.857142857142857,0,0.25,NA,0.75,2.625,5.25,0.142857142857143,0.37181755571661,0,0,640318.140672593,"Santa Barbara"
2023,9,19,132057.905160445,408554.249144478,21563.1887328152,1809415.42898782,0.0526315789473684,0.162828989237754,0.00859399267896387,1,0.125,0.222222222222222,-0.496969696969699,0.527777777777778,2.11111111111111,4.22222222222222,0.607142857142857,0.402918601690389,0.00415512465373965,0.312648162742845,1396022.93846316,"Los Angeles"
2023,5,1,NA,NA,NA,0,NA,NA,NA,0.25,0,0.4,NA,0.1,0.2,0.4,0.25,0.25,0,0,NA,"Unknown Ports"
2024,5,1,NA,NA,NA,0,NA,NA,NA,0.25,0,0.4,NA,0.1,0.2,0.4,0.25,0.25,0,0,NA,"Puget Sound"
2024,3,0,NA,NA,NA,0,NA,NA,NA,0,0,NA,NA,0,0,0,0,NA,NA,NA,NA,"North WA Coast"
2024,1,0,NA,NA,NA,0,NA,NA,NA,NA,NA,NA,NA,NA,0,0,NA,NA,NA,NA,NA,"WA Coast"
2024,1,0,NA,NA,NA,0,NA,NA,NA,NA,NA,NA,NA,NA,0,0,NA,NA,NA,NA,NA,"WA Coast"
2024,2,1,NA,NA,NA,0,NA,NA,NA,1,1,1,NA,1,0.5,1,NA,NA,0,0,NA,"Astoria"
2024,3,1,NA,NA,NA,0,NA,NA,NA,0.5,0,0.666666666666667,NA,0.333333333333333,0.333333333333333,0.666666666666667,0.5,0.5,0,2.22044604925031e-16,NA,"Tillamook"
2024,3,1,NA,NA,NA,0,NA,NA,NA,0.5,0,0.666666666666667,NA,0.333333333333333,0.333333333333333,0.666666666666667,0.5,0.5,0,2.22044604925031e-16,NA,"Tillamook"
2024,4,3,53166.8272230563,91605.9681905005,432.09953445628,158944.138679893,0.333333333333333,0.574330354565993,0.00270907980925429,0.666666666666667,0,0.5,NA,0.5,0.75,1.5,0.333333333333333,0.49922104652275,0,0,211003.09179669,"Newport"
2024,2,1,NA,NA,NA,0,NA,NA,NA,1,1,1,NA,1,0.5,1,NA,NA,0,2.22044604925031e-16,NA,"Coos Bay"
2024,2,0,NA,NA,NA,0,NA,NA,NA,0,0,NA,NA,0,0,0,NA,NA,NA,NA,NA,"Brookings"
2024,1,0,NA,NA,NA,0,NA,NA,NA,NA,NA,NA,NA,NA,0,0,NA,NA,NA,NA,NA,"Crescent City"
2024,2,1,NA,NA,NA,0,NA,NA,NA,1,1,1,NA,1,0.5,1,NA,NA,0,0,NA,"Eureka"
2024,4,5,3533.58598188426,4917.56470301268,1928.65506590385,12262.8640761253,0.2,0.278332817043293,0.109161349167194,1,0.666666666666667,0.5,-0.666666666666673,0.833333333333333,1.25,2.5,0.333333333333333,0.465131493552891,0,0,10377.1841657952,"Morro Bay"
2024,2,1,NA,NA,NA,0,NA,NA,NA,1,1,1,NA,1,0.5,1,NA,NA,0,0,NA,"Fort Bragg"
2024,2,0,NA,NA,NA,0,NA,NA,NA,0,0,NA,NA,0,0,0,NA,NA,NA,NA,NA,"Bodega Bay"
2024,3,2,1330.65767213649,431.502698906417,1330.65767213649,1635.77615663351,0.5,0.162138883629477,0.5,1,0.5,0.666666666666667,-1,0.666666666666667,0.666666666666667,1.33333333333333,1,0.75,0,0,1470.58440390407,"San Francisco"
2024,7,11,10513.9739317575,29297.2591291845,1127.61989611417,98702.2723716913,0.0909090909090909,0.253318793716757,0.00974996707354474,0.833333333333333,0.166666666666667,0.285714285714286,-0.275362318840579,0.523809523809524,1.57142857142857,3.14285714285714,0.433333333333333,0.521918177824958,-0.0454545454545455,0.104075390580561,92150.9836916925,"San Diego"
2024,3,1,NA,NA,NA,0,NA,NA,NA,0.5,0,0.666666666666667,NA,0.333333333333333,0.333333333333333,0.666666666666667,0.5,0.5,0,0,NA,"Monterey"
2024,10,23,6872.03110922989,14694.6829324039,1681.60070528615,69648.0033478783,0.0434782608695652,0.092970949603603,0.0106392233941836,0.888888888888889,0.111111111111111,0.2,-0.318666666666668,0.511111111111111,2.3,4.6,0.472222222222222,0.321558003338025,0.00850661625708889,0.146048048691041,38294.1395152672,"Santa Barbara"
2024,9,8,12094.379210017,14948.3334718297,4861.22700045947,40099.7304322422,0.125,0.154496700618674,0.0502426263064544,0.625,0,0.222222222222222,-0.610062893081761,0.222222222222222,0.888888888888889,1.77777777777778,0.517857142857143,0.288720246536513,0.25,0.430299907998659,30570.12481918,"Los Angeles"
2024,9,8,12094.379210017,14948.3334718297,4861.22700045947,40099.7304322422,0.125,0.154496700618674,0.0502426263064544,0.625,0,0.222222222222222,-0.610062893081761,0.222222222222222,0.888888888888889,1.77777777777778,0.517857142857143,0.288720246536513,0.25,0.430299907998659,30570.12481918,"Los Angeles"
